appid,SUM(Games_1.playtime_forever)
10,54463946655.0
20,211671479.0
30,1051077470.0
40,21681245.0
50,115072066.0
60,11305212.0
70,431728739.0
80,5434443803.0
92,31996.0
100,189110979.0
130,50134107.0
211,135336180.0
220,2111310256.0
240,56604877648.0
280,100896189.0
300,3567419126.0
320,1483328611.0
340,97691981.0
360,26038420.0
380,429727015.0
400,1190452495.0
420,592809782.0
440,37996124289.0
500,5100764872.0
550,11808613409.0
570,56345499204.0
620,2670540354.0
630,20151132.0
730,4892477238.0
852,4776.0
1002,497558.0
1200,432027072.0
1210,8528.0
1230,8077986.0
1250,3367838015.0
1270,96224.0
1280,177078503.0
1300,12942933.0
1309,87361.0
1313,3218176.0
1320,1249924.0
1500,14723482.0
1510,22068158.0
1520,33354593.0
1525,4671.0
1530,7545675.0
1600,4041130.0
1610,11021555.0
1630,9061473.0
1640,11804899.0
1670,40109.0
1690,27352439.0
1700,5380471.0
1840,55186525.0
1900,7717367.0
1920,1075616.0
1930,15952579.0
2100,86194430.0
2130,42894420.0
2200,9556723.0
2210,8163895.0
2270,3078547.0
2280,4413524.0
2290,1902175.0
2300,3028237.0
2310,10339317.0
2320,13719637.0
2330,119846.0
2340,116323.0
2350,603421.0
2360,820435.0
2370,226343.0
2390,1463178.0
2400,43261275.0
2420,14326673.0
2430,1585538.0
2450,24904483.0
2500,9162986.0
2520,403951.0
2525,156956.0
2540,428651.0
2545,232793.0
2550,540294.0
2570,208228.0
2590,4350996.0
2600,114356041.0
2610,2382536.0
2620,22947288.0
2630,59471819.0
2640,14460001.0
2680,64475.0
2690,3022351.0
2700,88632694.0
2710,865983.0
2720,582675.0
2760,270531484.0
2780,9208534.0
2790,393971.0
2800,15886191.0
2810,48881244.0
2820,367934915.0
2840,7122251.0
2850,1451485.0
2900,1026937.0
2910,4785300.0
2920,1297626.0
2930,878689.0
2990,30118028.0
3000,4129253.0
3010,3884646.0
3020,3968746.0
3030,2727.0
3040,92.0
3050,591050.0
3130,19961555.0
3150,171857.0
3160,1964698.0
3170,61019739.0
3200,4039864.0
3220,3176713.0
3230,983531.0
3260,1684649.0
3270,3860923.0
3300,33465436.0
3310,17199373.0
3320,9584294.0
3330,46584707.0
3340,4056019.0
3350,5121259.0
3360,3846305.0
3370,17727959.0
3380,7257355.0
3390,3654682.0
3400,1410825.0
3410,1380101.0
3420,1199555.0
3430,868008.0
3440,2246140.0
3450,9433091.0
3460,1658943.0
3470,10942843.0
3480,122613548.0
3483,26214.0
3490,3534195.0
3500,3305921.0
3510,4243120.0
3520,3585706.0
3530,5927027.0
3540,79905650.0
3560,23661650.0
3570,2930184.0
3580,848664.0
3590,1286259782.0
3600,6700170.0
3610,3245367.0
3620,53904202.0
3630,8030603.0
3650,5678211.0
3700,46369942.0
3710,1395809.0
3720,57982590.0
3730,13347881.0
3800,1151483.0
3810,480254.0
3820,979083.0
3830,129409262.0
3900,312274826.0
3910,223360710.0
3920,58987804.0
3960,2652471.0
3970,4404265.0
3980,11562304.0
3990,60181554.0
4000,10731666438.0
4100,2078734.0
4230,18520278.0
4290,115764.0
4300,563310.0
4320,4702524.0
4400,36332.0
4410,437855.0
4420,2893669.0
4460,3818555.0
4470,1686528.0
4500,212718411.0
4520,1322165.0
4530,1006875.0
4540,142434065.0
4550,438232748.0
4560,711719728.0
4570,67785585.0
4580,168686352.0
4600,453990.0
4700,951678441.0
4720,1295011.0
4730,139830.0
4760,769313646.0
4770,33563049.0
4790,21990.0
4800,3350508.0
4830,8269823.0
4850,30559780.0
4870,3636465.0
4880,2946472.0
4890,8078561.0
4900,7382852.0
4920,410920487.0
6000,33986535.0
6010,13996247.0
6020,99474586.0
6030,35860991.0
6040,10451777.0
6060,184533789.0
6080,806968.0
6090,858979.0
6100,5439492.0
6120,17799725.0
6200,7327839.0
6210,1276643.0
6220,8278949.0
6250,12474976.0
6270,293101.0
6290,804346.0
6300,8387388.0
6310,20858701.0
6330,11486806.0
6340,9125968.0
6350,6056782.0
6360,7516594.0
6370,1135840.0
6400,2494609.0
6420,11728988.0
6510,56485888.0
6520,9586.0
6550,4583521.0
6570,484150.0
6600,553852.0
6800,8574618.0
6810,2344716.0
6820,215920.0
6830,12549648.0
6840,4339328.0
6850,23768955.0
6860,122475636.0
6870,5482672.0
6880,12902174.0
6900,8340820.0
6910,117452915.0
6920,4992711.0
6980,32970917.0
7000,15825103.0
7010,886721.0
7020,1425143.0
7060,1111529.0
7110,28961812.0
7200,157691402.0
7210,5749809.0
7220,4123201.0
7240,8.0
7250,279685.0
7260,2838372.0
7340,364493.0
7400,717971.0
7420,100430.0
7440,760707.0
7450,2593522.0
7470,2449370.0
7500,19664241.0
7510,1093023.0
7520,120589634.0
7530,798199.0
7600,40058299.0
7610,34847812.0
7620,32524559.0
7650,41912234.0
7660,40442068.0
7670,296950107.0
7730,2197123.0
7740,275061894.0
7760,157756909.0
7770,1905071.0
7780,27615397.0
7800,2325832.0
7810,1613999.0
7830,118122241.0
7840,502563.0
7850,4299127.0
7860,4558311.0
7870,6798148.0
7880,5840964.0
7900,1284883.0
7910,1268047.0
7940,586513372.0
7970,1397640.0
7980,988517.0
7990,718867.0
8000,33347720.0
8010,69258.0
8040,1116490.0
8060,4443916.0
8080,6648159.0
8100,1602716.0
8140,28710204.0
8160,659016.0
8170,23293946.0
8190,1325547318.0
8200,6921518.0
8210,3877863.0
8220,2341804.0
8230,3476047.0
8240,2880848.0
8250,2412507.0
8260,3823480.0
8270,2746914.0
8280,2842305.0
8290,2511176.0
8300,2658372.0
8310,260232.0
8320,179566.0
8330,482953.0
8340,2204663.0
8350,1427228.0
8360,1023499.0
8370,761270.0
8380,657934.0
8400,8114132.0
8500,847087905.0
8600,426742256.0
8620,802955.0
8640,113080.0
8650,71896.0
8660,2380193.0
8690,340957.0
8740,60952.0
8790,689383.0
8800,668040490.0
8840,4422175.0
8850,181219996.0
8870,570743197.0
8880,13498757.0
8890,5841069.0
8930,23293574667.0
8970,705975.0
8980,2556028958.0
9000,940088.0
9010,15030639.0
9030,1067882.0
9040,1393546.0
9050,39085429.0
9060,1970433.0
9070,6478426.0
9160,889285.0
9180,3466933.0
9200,552986029.0
9310,30788120.0
9340,371728757.0
9350,31087784.0
9400,4518902.0
9420,134342593.0
9450,221321017.0
9460,31410341.0
9480,556104567.0
9500,4092920.0
9710,483652.0
9730,1078458.0
9740,6877693.0
9760,2786267.0
9800,1152181.0
9850,1623123.0
9860,25345770.0
9870,19574051.0
9880,152242208.0
9900,417457396.0
9930,258865708.0
9940,3094803.0
9960,189929.0
9970,287545.0
9980,880801.0
9990,556449.0
10000,13462262.0
10040,30443.0
10080,3283662.0
10090,430809413.0
10100,4005256.0
10110,2829493.0
10120,113632.0
10130,2074200.0
10140,642531.0
10150,112391379.0
10170,14226812.0
10180,4310306526.0
10190,28655493185.0
10220,7992466.0
10230,760960.0
10240,603700.0
10250,948410.0
10260,447704.0
10400,68664.0
10410,11238.0
10420,662982.0
10430,14716730.0
10440,5232.0
10460,404080.0
10470,20512.0
10480,931624.0
10490,89500.0
10500,10357200395.0
10510,75582.0
10520,161955.0
10530,4849806.0
10540,5794753521.0
10560,127607574.0
10590,80148213.0
10630,7470698.0
10650,452401.0
10660,581897.0
10680,437462243.0
10690,4773616.0
10699,
10700,2716841.0
11040,2056209.0
11050,1512827.0
11060,5297123.0
11120,9491563.0
11130,755926.0
11140,2844500.0
11150,1526816.0
11170,36051470.0
11180,800715.0
11190,4590266.0
11200,6010443.0
11230,286614.0
11240,3642025.0
11250,344.0
11260,6347408.0
11280,393151.0
11330,2405978.0
11340,1138282.0
11360,1457189.0
11370,1265543.0
11390,2820946.0
11420,6144408.0
11440,12409820.0
11450,68375229.0
11480,4277476.0
11500,10114668.0
11520,3254246.0
11550,1216507.0
11560,552541.0
11590,4929099.0
11610,1922402.0
11900,4263151.0
11920,2168863.0
12100,40082585.0
12110,101409888.0
12120,348531824.0
12130,2033332.0
12140,36716897.0
12150,30497942.0
12160,3978669.0
12170,5947377.0
12180,3904481.0
12190,51636.0
12200,58883545.0
12210,1633871063.0
12220,449547611.0
12230,1472418.0
12240,3256202.0
12250,15859678.0
12260,865075.0
12300,291181.0
12310,878486.0
12320,16035373.0
12330,12366472.0
12340,1102456.0
12360,32322557.0
12370,20850600.0
12380,1517338.0
12390,772780.0
12400,862648.0
12420,525999.0
12430,1017801.0
12440,372916.0
12450,277580.0
12460,804876.0
12470,22165150.0
12480,1189574.0
12500,53715911.0
12510,2898072.0
12520,13503008.0
12530,1692095.0
12540,318967.0
12550,94763.0
12560,530740.0
12570,151532.0
12580,185880.0
12590,1444564.0
12600,140981.0
12630,1175256.0
12640,16510783.0
12650,79000.0
12660,75807.0
12670,835.0
12690,4392135.0
12710,39795126.0
12720,386.0
12750,121015149.0
12770,1451526.0
12790,1813172.0
12800,18050885.0
12810,86731042.0
12830,60635403.0
12840,175300308.0
12860,4980619.0
12900,345338794.0
13000,745130.0
13120,2129459.0
13140,5891846.0
13200,3936186.0
13210,203201322.0
13230,56140532.0
13240,18647007.0
13250,5867827.0
13500,8535263.0
13510,17089254.0
13520,59622740.0
13530,6330237.0
13540,1844063.0
13560,15311846.0
13570,33984625.0
13580,15008156.0
13600,14961271.0
13620,765669.0
13630,889980.0
13640,7622575.0
13650,4.0
13660,0.0
13700,2663875.0
15000,1333742.0
15060,377355.0
15080,281802.0
15100,165191746.0
15120,106167637.0
15130,15991119.0
15140,526888.0
15150,508048.0
15160,1669325.0
15170,118481934.0
15190,7880160.0
15200,19470008.0
15210,47344431.0
15220,589042.0
15230,2243015.0
15240,7481355.0
15260,8894993.0
15270,783529.0
15280,351005.0
15290,436696.0
15300,6047920.0
15310,3743367.0
15320,56400796.0
15330,498900.0
15350,134617.0
15370,67507121.0
15380,14070861.0
15390,12973364.0
15400,6074824.0
15500,6688047.0
15520,10299643.0
15540,4013198.0
15560,2663145.0
15620,2500496033.0
15700,18153737.0
15710,12762164.0
15740,4428271.0
15750,8598521.0
15800,15962.0
15900,7305527.0
15910,4268673.0
15920,6160304.0
15930,5039938.0
15940,120334.0
15950,1862987.0
15960,1718026.0
15970,7165344.0
15980,228570.0
15990,1981210.0
16000,621671.0
16020,1007430.0
16030,3558571.0
16040,4446809.0
16060,1353232.0
16090,828902.0
16100,3585866.0
16110,3025440.0
16120,7786242.0
16130,4896814.0
16180,4993388.0
16200,4964425.0
16300,1490397.0
16450,403256933.0
16480,2966862.0
16500,76554.0
16600,31625564.0
16620,4384237.0
16700,2073017.0
16710,319277.0
16720,8601161.0
16730,3027635.0
16810,85455578.0
17020,497078998.0
17030,1217545.0
17080,5694282.0
17100,12330093.0
17120,10864737.0
17140,8672602.0
17180,1043473.0
17300,206275048.0
17330,60488870.0
17340,22178308.0
17390,172414960.0
17400,11914348.0
17410,127105720.0
17420,10386093.0
17430,49057593.0
17440,15600112.0
17450,1008900019.0
17460,822011050.0
17470,170213838.0
17480,183030662.0
17500,22778367.0
17510,5779568.0
17520,3123563.0
17530,735722.0
17550,254473.0
17570,5356911.0
17580,238497.0
17600,5204431.0
17700,17079500.0
17710,56229916.0
17730,140653.0
17740,697729.0
17760,1212.0
17800,3075566.0
17810,2443809.0
18000,17719314.0
18020,10918311.0
18040,14861148.0
18050,7097125.0
18070,5544087.0
18100,1913761.0
18110,19850356.0
18120,3506403.0
18300,1983606.0
18400,5216312.0
18420,2014842.0
18450,593572.0
18460,364711.0
18470,763411.0
18480,581826.0
18490,2347180.0
18500,364973041.0
18600,548401.0
18700,11829550.0
18820,5584522.0
19000,17931290.0
19020,1326719.0
19030,921330.0
19080,24221.0
19090,2143368.0
19200,1110881.0
19320,90356.0
19500,97999.0
19680,61107699.0
19800,6126585.0
19810,60221.0
19830,13835866.0
19840,23541.0
19900,225073970.0
19910,0.0
19930,14708389.0
19980,11341059.0
19990,251532.0
20200,310960.0
20400,2710.0
20500,143229218.0
20510,102360351.0
20530,13368224.0
20540,814134443.0
20550,4098224.0
20570,1023624142.0
20590,131303549.0
20700,3282579.0
20710,3089330.0
20820,17089169.0
20840,28695576.0
20900,435259799.0
20920,537084723.0
21000,19729607.0
21010,1186164.0
21030,354010.0
21070,635997.0
21080,817047.0
21090,55010737.0
21100,186746444.0
21110,14177050.0
21120,13511557.0
21130,20055315.0
21140,8900191.0
21170,39542583.0
21180,4306.0
21300,399193.0
21400,277290.0
21500,112720.0
21600,776514.0
21610,2851327.0
21620,9119.0
21640,623368.0
21660,109136044.0
21670,3465451.0
21680,3692458.0
21690,126833273.0
21730,2004932.0
21750,637885.0
21760,3526353.0
21780,3043903.0
21800,8010176.0
21900,20277958.0
21910,62877379.0
21920,739400.0
21950,106950.0
21970,660730908.0
21980,34508411.0
21990,518183.0
22000,75111450.0
22100,316245829.0
22120,16635761.0
22130,45114640.0
22140,4580215.0
22180,20090160.0
22200,23405446.0
22230,18029159.0
22300,244331138.0
22310,4706813.0
22320,154543931.0
22330,865907553.0
22340,9431938.0
22350,259587909.0
22370,518748986.0
22380,5066133396.0
22450,11324039.0
22490,529333739.0
22500,17693821.0
22600,254107320.0
22610,10573622.0
22650,7417898.0
22670,1963157.0
22700,9005.0
23100,2286861.0
23120,7935926.0
23130,413416.0
23140,645466.0
23150,399162.0
23200,1286393.0
23300,2221859.0
23310,328477811.0
23360,3456476.0
23380,10822419.0
23390,28304616.0
23400,7943696.0
23420,16895942.0
23440,873659.0
23450,26158413.0
23460,1665753.0
23490,97990790.0
23500,5979613.0
23510,296602.0
23530,13816636.0
23600,4431809.0
23700,11641336.0
24010,856513266.0
24120,8103637.0
24130,15963990.0
24140,2254508.0
24150,1850.0
24170,26864400.0
24180,12891498.0
24200,95485293.0
24210,2818547.0
24220,11773072.0
24240,490306093.0
24400,138473557.0
24410,2265279.0
24420,13375813.0
24460,1184430.0
24470,29313018.0
24480,25155942.0
24500,1639359.0
24600,3126393.0
24610,246314.0
24620,266320.0
24630,3970585.0
24640,156805.0
24650,129135.0
24660,298231.0
24670,11648004.0
24700,2635052.0
24720,55898509.0
24740,98347180.0
24760,6279269.0
24780,363750931.0
24790,109509512.0
24800,60160569.0
24810,55613606.0
24820,916410.0
24830,687368.0
24840,23932525.0
24850,30829574.0
24860,234510558.0
24870,36849963.0
24920,1751.0
24950,699.0
24960,3988269753.0
24980,1166524594.0
24999,0.0
25010,2312877.0
25500,10531099.0
25600,7651031.0
25620,6654322.0
25700,16744826.0
25730,46747.0
25800,500671488.0
25830,17308797.0
25840,2291091.0
25850,7171993.0
25860,39709331.0
25870,85706.0
25890,314996124.0
25900,116867725.0
25910,17284471.0
25920,1.0
25930,10740722.0
25940,532732.0
25980,49067474.0
25990,8423067.0
26000,3069411.0
26300,462810.0
26500,21845478.0
26700,18.0
26710,65972.0
26800,97114815.0
26900,16263279.0
27000,5752886.0
27020,3489721.0
27040,8311.0
27050,175129.0
27200,340136.0
27220,10809506.0
27240,12.0
27300,1086703.0
27330,7464952.0
27400,2082966.0
27600,401663.0
27800,245706.0
27810,428420.0
27900,1650215.0
27920,1267802.0
27940,3730856.0
28000,46214803.0
28050,1719972998.0
29100,7.0
29110,26.0
29120,187451.0
29130,353716.0
29140,1350.0
29150,258.0
29160,1494559.0
29180,29873172.0
29500,13032137.0
29520,132321.0
29530,294689.0
29550,4641269.0
29590,292415.0
29640,31543642.0
29650,49144016.0
29660,13477515.0
29670,14769511.0
29680,8778873.0
29690,1265603.0
29720,138334847.0
29800,1052290.0
29900,2578882.0
31100,2416013.0
31110,983424.0
31120,699679.0
31130,690316.0
31170,16564703.0
31180,10741111.0
31190,9462045.0
31200,10213596.0
31210,8007041.0
31220,8113072.0
31230,4877044.0
31240,4160038.0
31250,3528574.0
31260,3018006.0
31270,12455691.0
31280,106645033.0
31290,14294149.0
31300,152434.0
31410,20838616.0
31500,2043.0
31700,8861110.0
31800,380230.0
31810,293827.0
31820,507288.0
31830,960403.0
31840,434344.0
31850,529275.0
31860,501634.0
31870,181596.0
31880,268653.0
31890,337711.0
31900,282842.0
31910,1098495.0
31920,599731.0
31930,531163.0
31980,743309.0
32000,134867.0
32110,9129157.0
32120,5290511.0
32130,624353.0
32140,1636672.0
32150,23589789.0
32160,4341625.0
32200,4498950.0
32310,2908298.0
32330,5893917.0
32340,3835883.0
32350,3316114.0
32360,71032903.0
32370,472124364.0
32380,11331287.0
32390,4136776.0
32400,11691463.0
32410,1114744.0
32420,3078468.0
32430,62723828.0
32440,37374085.0
32450,6444610.0
32460,37205394.0
32470,143890688.0
32500,28922619.0
32510,26352683.0
32610,3747907.0
32620,594753.0
32630,912344.0
32640,1238741.0
32650,542827.0
32660,663755.0
32670,1879492.0
32680,4910510.0
32690,1204995.0
32700,1286809.0
32710,277949.0
32720,401268.0
32730,657018.0
32740,151227.0
32750,1451831.0
32760,1660538.0
32770,1381341.0
32800,160386394.0
32900,5355550.0
33100,1694366.0
33110,1405815.0
33120,10026072.0
33130,4121180.0
33180,7081809.0
33210,26853450.0
33220,163068197.0
33230,510958179.0
33250,32900719.0
33260,1038532.0
33270,199675.0
33280,9879614.0
33320,19101348.0
33340,41315608.0
33350,20905620.0
33390,341754.0
33420,39713000.0
33440,56660882.0
33460,81598078.0
33500,1402113.0
33510,1560073.0
33520,11546266.0
33530,9156489.0
33540,448294.0
33550,218715.0
33570,12584855.0
33580,1232459.0
33600,3064501.0
33610,4197465.0
33620,2603201.0
33650,5014890.0
33660,293304.0
33670,41976702.0
33680,1537004.0
33700,50110.0
33710,65575.0
33720,1254.0
33730,3113723.0
33740,952781.0
33750,1451810.0
33760,85436.0
33770,6985230.0
33780,1225508.0
33790,231238.0
33900,182140722.0
33910,192024193.0
33930,1836042918.0
33950,312412.0
33980,818778.0
33990,1130641.0
34000,6434791310.0
34010,64676385.0
34030,3354659068.0
34180,300388.0
34190,6228729.0
34220,8226682735.0
34250,8879489.0
34270,36520625.0
34330,5412484683.0
34410,1183821.0
34420,522396.0
34440,51287916.0
34450,9149056.0
34460,70599275.0
34500,3442752.0
34600,82981539.0
34630,224298.0
34640,1278329.0
34650,768942.0
34670,5133386.0
34800,479897.0
34810,692360.0
34820,4568349.0
34830,401164432.0
34860,2184955.0
34870,56736492.0
34900,1602648.0
34920,392516.0
35000,9860386.0
35010,81836914.0
35030,41671406.0
35070,1136669.0
35130,53376570.0
35140,310106788.0
35300,863821.0
35310,853244.0
35320,1927124.0
35420,13077479.0
35450,610777614.0
35460,13398662.0
35470,42926.0
35480,15841256.0
35500,23806554.0
35510,12939944.0
35600,1210557.0
35700,115571667.0
35720,154069763.0
35800,268776.0
36000,4345275.0
36100,319232.0
36110,436234.0
36120,567581.0
36130,121700.0
36140,183534.0
36150,412478.0
36160,288477.0
36170,548402.0
36180,738737.0
36190,532986.0
36200,1226813.0
36210,758732.0
36240,334658.0
36270,633839.0
36280,542398.0
36290,480262.0
36300,1006842.0
36310,1377070.0
36320,51922.0
36350,1.0
36360,
36370,
36620,7451317.0
36630,2538960.0
36700,2993573.0
36900,9436.0
36910,58428.0
37000,7110514.0
37010,1000203.0
37030,30069255.0
37100,856547.0
37200,3424049.0
37210,979242.0
37220,1943956.0
37230,565089.0
37240,1643490.0
37250,519336.0
37260,614810.0
37270,559004.0
37280,1649655.0
37290,811298.0
37300,822732.0
37310,420292.0
37320,709323.0
37330,490475.0
37340,712754.0
37350,407321.0
37360,884897.0
37370,429351.0
37380,498096.0
37390,415810.0
37400,3628713.0
37420,3866049.0
37500,465508.0
37600,3449218.0
37700,6028845.0
37800,2078738.0
37900,1870447.0
37910,225279.0
37920,185219.0
37930,123480.0
37940,230830.0
37950,130671.0
37960,5099079.0
37970,10250126.0
37980,6050028.0
37990,2270259.0
38000,4966652.0
38010,4304173.0
38020,4450452.0
38030,101796.0
38040,83000.0
38050,1600385.0
38060,5550980.0
38070,369533.0
38080,1470236.0
38090,941254.0
38100,1015341.0
38110,1927155.0
38120,1668637.0
38130,3518322.0
38140,1832992.0
38150,2608155.0
38160,1781621.0
38170,6527564.0
38180,3808715.0
38190,465850.0
38200,163254.0
38210,104227.0
38220,12105566.0
38230,4265167.0
38240,77331.0
38400,27195924.0
38410,33758684.0
38420,19683488.0
38430,568012.0
38440,1907004.0
38450,324451.0
38460,638087.0
38480,149345.0
38490,101017.0
38530,638151.0
38600,36006997.0
38700,21781049.0
38720,13227703.0
38740,6899494.0
38800,1839335.0
38810,154619.0
38820,889775.0
38830,6196444.0
38900,6228937.0
39000,396544.0
39110,1669537.0
39120,1210604858.0
39140,46523973.0
39160,191841175.0
39190,15397994.0
39200,23648007.0
39250,16795036.0
39260,3677822.0
39300,233132.0
39310,86934.0
39320,18387.0
39330,73952.0
39350,50454.0
39360,116870.0
39370,115212.0
39380,4672.0
39500,35028780.0
39510,23260909.0
39530,15569940.0
39540,38969744.0
39550,27054313.0
39560,1835504.0
39600,255852.0
39610,240768.0
39620,307978.0
39630,627664.0
39640,849795.0
39650,12932090.0
39660,9964327.0
39670,3263755.0
39680,39117533.0
39690,34900973.0
39710,278056.0
39800,48339932.0
39900,152751.0
40000,49136831.0
40100,1113117009.0
40120,97679.0
40200,1027353.0
40210,1359855.0
40300,70179923.0
40320,2156271.0
40330,2311413.0
40340,1916741.0
40350,3288040.0
40370,5623663.0
40380,845936.0
40390,240123895.0
40400,41430192.0
40420,3668658.0
40500,238907.0
40700,54121748.0
40720,2950217.0
40800,248092888.0
40920,59276306.0
40930,6919631.0
40950,39441960.0
40960,44411795.0
40970,32280964.0
40980,22226497.0
40990,22763758.0
41000,95818850.0
41010,105581783.0
41030,99.0
41050,6042323.0
41060,4046212.0
41070,229137764.0
41100,11688078.0
41210,54944071.0
41300,77572475.0
41400,57675.0
41500,798365723.0
41600,103873.0
41610,27.0
41660,741319.0
41680,15046.0
41700,266264958.0
41730,1409836.0
41740,3104902.0
41800,64506899.0
41900,7957890.0
42000,187675.0
42120,54559672.0
42140,1129885.0
42160,126604489.0
42170,15817268.0
42200,498719.0
42210,525486.0
42220,678314.0
42230,766580.0
42500,9829303.0
42640,30649479.0
42650,51701383.0
42660,338006.0
42670,17490888.0
42680,2404963725.0
42690,11219036534.0
42700,3195871000.0
42710,9745310888.0
42730,4325359.0
42800,503607.0
42810,5590137.0
42820,49165.0
42830,23953.0
42850,33501973.0
42870,912921.0
42890,62113992.0
42910,922979125.0
42920,12294468.0
42930,554755.0
42940,640876.0
42950,792023.0
42960,183087478.0
42980,6682091.0
42990,95493587.0
43000,38324256.0
43100,3216886.0
43110,704765545.0
43160,107982191.0
43190,9077728.0
43500,3936714.0
43600,743907.0
44000,269199.0
44100,1757169.0
44200,12180426.0
44310,105120500.0
44320,174309756.0
44340,20070643.0
44350,45276625.0
44360,69610903.0
44600,359110.0
44620,7469.0
44630,17726.0
44650,14218.0
44660,7671.0
44670,9732.0
44680,10493.0
44690,966221.0
45000,34706600.0
45100,8113119.0
45300,110668331.0
45400,3039581.0
45410,344000.0
45450,3919810.0
45500,999483.0
45700,27141107.0
45710,911067.0
45720,2889998.0
45730,466318.0
45740,84161353.0
45750,19240695.0
45760,248845204.0
45770,17562327.0
45900,125260.0
46000,3745693.0
46200,172841.0
46210,743753.0
46220,170683.0
46230,117235.0
46250,1111491.0
46260,8999959.0
46270,3373874.0
46280,1213849.0
46290,4032013.0
46320,2173476.0
46330,11686864.0
46340,3908767.0
46350,249807.0
46360,5670543.0
46370,6157858.0
46380,1025662.0
46400,3121457.0
46410,4506260.0
46420,2461666.0
46430,1647388.0
46440,1046828.0
46450,11291660.0
46460,3245282.0
46470,0.0
46480,4239803.0
46490,2633816.0
46500,5964111.0
46510,2821331.0
46520,641502.0
46540,4085840.0
46550,738874.0
46560,1890322.0
46570,3486261.0
46600,1138437.0
46700,278454.0
46710,284332.0
46720,507606.0
46730,932578.0
46740,629622.0
46750,1754996.0
46760,95113.0
46770,14855185.0
46790,4884704.0
46830,180653.0
46840,58129.0
46850,335485.0
47000,6560664.0
47110,243924.0
47120,217870.0
47130,223194.0
47400,164325022.0
47410,31558993.0
47500,841077.0
47520,409660.0
47540,72480669.0
47570,271422.0
47700,46693853.0
47730,355263.0
47780,158872538.0
47790,50707526.0
47800,17803505.0
47810,476845611.0
47830,113921623.0
47850,25269002.0
47870,113129608.0
47890,736904234.0
47900,295069487.0
47920,31672105.0
48000,136634855.0
48110,45229532.0
48120,65104856.0
48150,112906.0
48160,8851867.0
48180,14636532.0
48190,328012147.0
48210,58092986.0
48220,573373402.0
48240,594998049.0
48700,3527446924.0
48720,493301849.0
48800,44776268.0
48900,992681.0
48950,16599957.0
49000,1764451.0
49300,25301040.0
49320,356040.0
49330,7308760.0
49400,225552661.0
49470,545146300.0
49520,5139689838.0
49540,64191508.0
49600,90723461.0
49700,2765652.0
49800,1571711.0
49810,588441.0
49900,8382131.0
50000,4545438.0
50120,22684910.0
50130,1515352782.0
50300,108767862.0
50310,18825892.0
50400,5774692.0
50510,2588629.0
50620,378610378.0
50640,32816477.0
50650,338167493.0
50800,71364.0
50820,4981059.0
50900,70088.0
50910,78208.0
50920,620686.0
50930,527657.0
50940,408773.0
50950,7619321.0
50960,550232.0
50970,679580.0
50980,650228.0
50990,745740.0
51000,709192.0
51010,952954.0
51020,830451.0
51030,202452.0
51040,1918540.0
51060,1556324.0
55000,4469380.0
55020,132830.0
55040,40291499.0
55100,290993773.0
55110,109363538.0
55130,2312.0
55140,66401965.0
55150,500713922.0
55180,411389.0
55190,849579.0
55210,394674.0
55230,1876305260.0
55370,28803.0
56400,1590332506.0
57000,1348250.0
57200,3962627.0
57300,207523799.0
57400,484549084.0
57600,123006755.0
57620,27500114.0
57640,12756927.0
57650,30545302.0
57680,4341581.0
57690,447799716.0
57700,751849.0
57730,19663268.0
57740,230259976.0
57800,2467310.0
57900,289167079.0
57970,27903459.0
58200,3840883.0
58230,1479396.0
58300,1355077.0
58400,1043864.0
58510,64326407.0
58520,147485511.0
58540,98941082.0
58550,26625330.0
58560,2929629.0
58570,4506974.0
58610,266941478.0
60340,4986967.0
60350,1006177.0
60600,498973.0
60700,482218.0
60800,4188381.0
61000,5936035.0
61010,949956.0
61100,4760416.0
61220,761189.0
61230,196526.0
61310,2784516.0
61500,7533135.0
61510,9547181.0
61520,20640912.0
61530,195151.0
61600,3476014.0
61700,79728772.0
61730,1666117.0
61800,477.0
61810,568.0
61820,1460.0
62000,13358726.0
62100,22769778.0
63000,14257960.0
63110,860021.0
63200,113807540.0
63230,205142.0
63380,267905551.0
63500,16627752.0
63600,4775190.0
63610,4261501.0
63620,274602.0
63630,149572.0
63640,142789.0
63650,2534054.0
63660,3121592.0
63700,12495094.0
63710,31945795.0
63800,5960240.0
63900,4192325.0
63910,76564853.0
63930,63.0
63940,13327041.0
63950,107706921.0
63960,2662080.0
64000,310265117.0
65070,36.0
65080,632696.0
65100,3985855.0
65200,692542.0
65260,324243.0
65270,5025492.0
65300,23534037.0
65400,825864.0
65500,872625.0
65530,13221528.0
65540,7671886.0
65560,2892759.0
65600,7250006.0
65610,1575775.0
65700,4923095.0
65710,363343.0
65720,5162556.0
65730,9076555.0
65740,16204042.0
65780,2003175.0
65790,4817953.0
65800,2456721576.0
65930,3172625.0
65950,94913230.0
67000,3784083.0
67370,66529445.0
70000,20134787.0
70100,4526782.0
70110,1676401.0
70120,1576356.0
70200,3660855.0
70210,8482192.0
70300,33413841.0
70400,141933932.0
70420,7328126.0
70500,765323.0
70600,19722691.0
70620,2965885.0
70640,305509.0
70650,182033.0
70660,694963.0
70900,27097612.0
71000,19777359.0
71230,975047.0
71240,942860.0
71250,10900463.0
71260,1063973.0
71270,17477095290.0
71300,4133996.0
71310,121563984.0
71320,190008957.0
71340,96315526.0
71390,14408906.0
71420,11480306.0
72000,3914019.0
72200,74529687.0
72300,17220830.0
72400,1454263.0
72500,778481.0
72530,
72850,21775903117.0
72900,1935360.0
73000,3.0
73010,165527500.0
73020,36124018.0
73060,1968787.0
73170,44884438.0
73190,12065321.0
73210,5593246.0
73220,19046077.0
73230,4636738.0
78000,206847516.0
80000,4257797.0
80200,13176956.0
80300,867498.0
80310,6100552.0
80330,1692897.0
80340,889123.0
80350,844804.0
80360,1078222.0
90100,8592736.0
90200,191442793.0
90400,517588.0
90500,4286967.0
90530,371038.0
90800,791448.0
91100,5762585.0
91200,20057319.0
91310,1381762647.0
91330,27675984.0
91600,150030004.0
91700,60932060.0
91800,933591.0
91810,2388086.0
91900,10419016.0
92000,10010475.0
92100,318117.0
92200,1183160.0
92210,1092683.0
92220,1069677.0
92300,5416074.0
92400,289241.0
92500,62091.0
92600,1327427.0
92700,2759094.0
92800,62571372.0
92900,3971379.0
93200,27477492.0
94000,900035.0
94200,24178794.0
94300,2159921.0
94304,0.0
94500,7301096.0
94510,6001871.0
94520,6117932.0
94530,4887528.0
94590,4642693.0
94600,2352046.0
94610,1534819.0
94620,1118209.0
95000,153209.0
95300,6868875.0
95500,2581245.0
95700,1112.0
95900,6058752.0
96000,9623539.0
96100,446837.0
96200,5178087.0
96300,9491400.0
96400,32400334.0
96800,5884737.0
96900,110390.0
97000,35444572.0
97100,56908945.0
97110,1706533.0
97120,1512571.0
97130,3669752.0
97330,568499409.0
98100,3182116.0
98200,73433603.0
98300,28814628.0
98400,21351791.0
98500,610455.0
98510,8986391.0
98600,6510853.0
98800,229872842.0
98810,79199.0
98900,1140036.0
99100,37924565.0
99120,97253.0
99200,2377987.0
99300,16060818.0
99400,1018617.0
99410,109648.0
99700,8734055.0
99810,52056786.0
99830,131641816.0
99890,58846090.0
99900,40284785.0
99910,1055955.0
99920,29268.0
99930,87.0
100400,743660.0
100410,2930628.0
100970,4608127.0
100980,694345.0
102200,8531964.0
102400,481555.0
102500,232594069.0
102600,241966768.0
102700,9227627.0
102820,30162180.0
102840,15745994.0
102850,3915372.0
104000,12161505.0
104020,391453.0
104100,774856.0
104200,786839.0
104320,24877781.0
104600,4748295.0
104700,107052338.0
104900,17423258.0
105000,2339939.0
105100,1233319.0
105200,2253769.0
105300,2643316.0
105400,285179945.0
105420,349850.0
105430,16583070.0
105450,281250534.0
105600,6199095277.0
105700,755354.0
105800,1921007.0
106000,13197001.0
106010,216503.0
107000,779294.0
107100,269562107.0
107200,206882762.0
107300,8985189.0
107310,23490700.0
107400,499198.0
107410,345230473.0
107430,1834.0
107600,3081054.0
107800,12629135.0
107900,2645471.0
108100,851388.0
108110,3251963.0
108200,45800311.0
108210,113888.0
108500,15590263.0
108700,8994761.0
108710,4469884668.0
108800,127424807.0
109200,1425235.0
109400,2242046.0
109410,404464.0
109500,64088.0
109700,891005.0
110400,1573457.0
110500,106193.0
110600,354809.0
110610,530755.0
110630,209461.0
110800,309912954.0
111000,1273956.0
111010,1159451.0
111100,1934832.0
111300,473915.0
111400,7171469.0
111600,2974919.0
111800,14049900.0
111900,328360.0
112100,22763626.0
113020,25036873.0
113200,1519230586.0
113400,41107357.0
113420,5124125.0
113900,389015.0
115100,24695870.0
115110,13367683.0
115120,9536320.0
115200,3535274.0
115210,4242992.0
115220,3879765.0
115320,108355743.0
116120,983204.0
200010,29772619.0
200020,320363.0
200050,8778815.0
200060,1759399.0
200080,1361634.0
200130,4935108.0
200170,76377091.0
200190,991973.0
200210,38995037.0
200230,2289931.0
200260,194809470.0
200350,609780.0
200370,23568422.0
200390,5293016.0
200410,1881461.0
200490,210447.0
200510,1606090226.0
200530,701188.0
200550,4955749.0
200630,664364.0
200670,7075996.0
200710,1516959956.0
200900,60627927.0
200910,18713145.0
200940,3761183.0
200960,4862373.0
200980,1543730.0
200990,1048822.0
201000,791230.0
201010,1734049.0
201020,167729603.0
201070,752112.0
201190,888431.0
201230,2744198.0
201280,60183878.0
201290,101842867.0
201310,284761750.0
201330,165165.0
201420,396060.0
201480,1359960.0
201490,11932476.0
201510,1962432.0
201570,2166899.0
201700,35016664.0
201760,91001364.0
201790,389228683.0
201830,7689324.0
201870,251344722.0
201930,119.0
202070,2412896.0
202090,3408.0
202110,7741.0
202130,18902034.0
202170,429167825.0
202200,97364504.0
202270,6641690.0
202310,9285869.0
202370,538305.0
202410,808125.0
202530,7713785.0
202570,241234.0
202670,622606.0
202690,8310385.0
202710,23325484.0
202730,1698731.0
202750,21231651.0
202860,1398945.0
202900,13.0
202970,427462859.0
202990,3992196196.0
203140,534955833.0
203160,411352470.0
203210,3841240.0
203250,5024702.0
203350,122531507.0
203510,11087948.0
203560,1460130.0
203630,125107326.0
203650,3793367.0
203680,2810648.0
203730,10700931.0
203750,21182630.0
203770,970839185.0
203810,21266694.0
203830,7685855.0
203850,8772244.0
203990,183794.0
204030,70512024.0
204060,18144523.0
204080,9054900.0
204100,310805562.0
204120,9027428.0
204140,4786081.0
204180,1527768.0
204220,3720191.0
204240,1491368.0
204300,321263473.0
204340,10989127.0
204360,172358518.0
204390,861256.0
204440,2097077.0
204450,26246864.0
204510,211296.0
204530,584489.0
204560,3809838.0
204580,160745.0
204630,5775653.0
204760,365693.0
204840,979470.0
204860,9715441.0
204880,395259714.0
204940,4631716.0
204960,914731.0
205060,256294.0
205070,140543.0
205080,35480.0
205100,527374799.0
205180,2.0
205190,84521829.0
205230,6351146.0
205250,731318.0
205270,1941013.0
205330,961477.0
205350,5266282.0
205530,2743353.0
205550,1678735.0
205590,11008461.0
205610,38875805.0
205650,11440756.0
205690,1102577.0
205710,565445.0
205730,6473288.0
205790,63879929.0
205810,16586058.0
205830,2571231.0
205840,3148109.0
205870,1372998.0
205910,6085200.0
205930,23503311.0
205950,6285683.0
206020,5264879.0
206040,1409955.0
206060,3326798.0
206180,0.0
206190,10224109.0
206210,3712648.0
206230,630887.0
206250,3305268.0
206270,899410.0
206370,1334249.0
206410,940640.0
206420,41636500.0
206440,15119929.0
206480,2797595.0
206500,2915404.0
206610,374208.0
206630,0.0
206690,10775279.0
206740,780663.0
206760,1927807.0
206940,0.0
206950,0.0
206960,0.0
206970,0.0
206980,13690257.0
207000,106150.0
207020,1146613.0
207040,3521465.0
207060,30560676.0
207080,11199307.0
207140,2482.0
207150,15777058.0
207170,165714273.0
207190,375161.0
207210,9313046.0
207230,1973119.0
207241,0.0
207250,7287712.0
207320,17251224.0
207350,29127486.0
207370,248460.0
207380,384863.0
207400,567308.0
207420,6404256.0
207430,9888172.0
207490,28669156.0
207530,1059708.0
207570,1195933.0
207610,383086186.0
207650,1010264.0
207670,314704.0
207690,13218735.0
207710,112163.0
207730,161323.0
207750,8339899.0
207790,1071715.0
207890,9761545608.0
207930,2842425.0
208030,266344.0
208090,46622341.0
208110,2398845.0
208140,428797060.0
208200,38053825.0
208400,19880641
208460,592713
208480,416484283
208500,273355329
208520,39461114
208580,134270292
208600,3355016
208610,2801330
208620,938520
208630,873735
208640,878043
208670,8893109
208710,455523
208730,28338134
208860,824515
209000,75959
209060,220604
209080,67064002
209100,14122654
209120,26658907
209160,71
209190,3465161
209230,943401
209270,82307378
209330,9623510
209340,176932
209360,789674
209370,5779518
209390,944345
209520,1039770
209540,10622332
209610,404239
209630,376498
209670,10902181
209690,7631775
209710,710784
209730,4574380
209750,505560
209790,4095593
209830,9809821
209850,1070813
209870,15614247
209950,15405865
210150,4292014
210170,581080
210230,698988
210350,1025032
210390,359023
210410,1073451
210430,107634
210490,405059
210550,3508488
210770,19873473
210870,476457
210950,2663780
210990,29361355
211010,594398
211050,1119057
211070,678459
211120,7604894
211140,18297883
211160,9253396
211180,2659908
211260,8585881
211280,477159
211340,4133433
211360,3986828
211380,445805
211400,29007480
211420,874184932
211440,1545281
211500,377106
211580,11818566
211600,11650996
211670,4260507
211740,7286981
211780,380365
211800,335628
211880,156105
211900,6641060
211970,1036752
212010,17751546
212030,4513785
212050,4395843
212070,2412840
212090,135932
212110,225425
212160,10988226
212180,2310487
212200,3222021
212220,474906
212240,688065
212370,217565
212390,1056572
212410,2193735
212480,27759574
212500,11556467
212542,17
212580,22417254
212630,74218913
212680,690166178
212700,487288
212740,2543603
212780,4543085
212800,493236
212910,530774171
213030,18117799
213120,48363614
213330,24641244
213350,223700
213610,27115085
213630,2232111
213650,333584
213850,79560404
214050,6787
214100,1027305
214130,1135428
214150,3833150
214170,19251724
214210,934626
214230,978448
214250,25227798
214270,295359
214310,298972
214320,94341
214340,18021638
214360,28022371
214400,142389
214420,1263957
214510,45044298
214560,101859544
214570,211283
214590,1517411
214610,1393356
214630,3734318
214640,8253549
214700,1402398
214730,18576703
214770,528518
214790,16613435
214830,11767827
214850,2428326
214870,12079272
214910,4313758
214950,52212973
214970,5639715
215060,292204
215120,259489
215160,9478722
215280,143969493
215390,1013418
215450,671450
215470,33108920
215490,23161
215510,1203558
215530,32443764
215590,176257
215630,445
215670,4043641
215690,1573854
215710,14633242
215770,943688
215790,436178
215870,26145
215930,2242077
216090,1366024
216110,1372323
216130,3044736
216150,6085038
216210,891050
216250,112390945
216290,829292
216370,295583
216390,81252564
216570,80193905
216610,162351617
216670,3629961
216890,109893294
216910,9106798
216930,884905
217060,3239100
217080,1985411
217140,700216
217200,7236301
217270,551296
217290,4735446
217490,219027644
217690,3986509
217750,323157
217790,2713689
217860,2102006
217920,148908
217980,53988296
218020,857548
218040,3922148
218060,8593812
218090,11802516
218130,15782429
218170,324083
218210,80031
218230,40327540
218310,310746
218330,2238
218410,22934763
218450,158306
218461,0
218510,1191641
218620,110749331
218640,5603228
218660,906546
218680,76570076
218700,417806
218740,1326207
218820,1884792
218860,576267
218980,1268660
219070,46999
219150,85900537
219190,771403
219200,1088155
219340,2263792
219540,84324631
219600,160132388
219640,706215370
219680,2773810
219740,412077145
219760,1342625
219780,15401467
219800,6369550
219870,310982
219890,36442603
219910,3283455
219950,557280
220050,5415849
220090,792782
220160,59589143
220200,262287578
220240,879143962
220260,270293148
220420,532581
220440,68618067
220460,2758050
220660,42223144
220680,389760
220700,43820569
220740,8990375
220780,15172865
220820,3892045
220823,1921
220824,0
220860,9314065
220900,97735
220960,1000462
221020,113709634
221040,134548193
221080,392823
221120,5879
221200,2071
221220,948
221260,36438628
221300,4218527
221340,17027
221360,260955
221380,259804913
221410,79180
221430,16765919
221560,16
221640,24003300
221680,10737
221790,62105
221810,18426689
221830,1501812
221910,46060
222140,2193152
222160,426217
222320,50250075
222480,16684994
222520,278898
222640,66425
222660,223987
222710,1538184
222730,24614899
222750,72262476
222820,2456366
222880,4545965
222940,601799
222980,6716616
223000,2331948
223140,30622
223220,6218714
223280,263785
223330,25980789
223390,18024024
223430,3592470
223450,170180
223470,14950379
223510,4658312
223530,3075924
223630,3301032
223670,425655
223710,917353
223730,2130063
223750,564
223810,3532450
223830,3652778
223850,2530863
223870,1549485
224060,8794994
224220,164045
224300,903788
224320,1037732
224340,223605
224360,24253
224380,306003
224420,2089316
224440,1243890
224460,17
224480,9
224500,28314282
224540,169654955
224580,98303102
224600,222420212
224700,97683
224760,16916793
224780,4170361
224820,5167967
224860,20658
224900,228399
224920,1924154
224940,739011
224960,4029879
224980,1778486
225000,908778
225020,1056761
225080,87225
225140,7316320
225160,427026
225180,83205
225200,449574
225220,1846104
225260,32845966
225280,64331
225300,2873458
225320,1615742
225360,1246666
225420,27747055
225600,2267492
225640,14499781
225760,43946
226120,945790
226320,5621561
226700,378645128
226720,445899
226740,2419430
226760,336510
226780,345667
226820,454358
226960,51852
226980,2146015
227000,2760780
227020,39760
227080,887632
227100,35407226
227160,2676348
227180,19853758
227200,3512706
227220,5391524
227240,188752
227260,983
227280,2010780
227300,144991273
227320,18134769
227380,291760
227400,1084403
227480,14249728
227580,17725479
227600,61815
227680,8034915
227720,1796309
227760,11106625
227800,772600
227860,883510
227900,40290
227920,560639
227980,3101536
228000,49739
228200,131620778
228260,42860973
228280,67716175
228300,11864985
228320,1919795
228400,10408968
228440,1955543
228560,506560
228760,14623529
228960,740758
229480,1043813
229520,1265719
229580,94674
229600,337467
229660,0
229870,16621684
229890,158800
229970,3632941
230050,8130943
230150,881787
230170,504509
230190,784281
230310,548196
230330,1647840
230350,338525
230410,48194159
230650,2776675
230700,3963926
230760,13857
230780,1843149
230820,1493716
230860,472628
230980,1003318
231020,52372
231040,57410
231060,3741042
231140,21909710
231160,2722249
231180,1934198
231200,1160964
231310,20075
231430,138287154
231670,69414
231720,112
231740,4589702
231910,833093
232010,3447264
232050,50651245
232210,1290571
232430,549921
232450,2509613
232750,11050482
232770,205422
232810,1046999
232910,16675744
232950,2194504
232970,291470
233110,0
233130,88335
233210,3521
233230,713790
233250,1652720
233270,44839376
233370,419754
233390,1025822
233410,178535
233450,47025230
233470,14062112
233510,144908
233530,171897
233550,300096
233680,96922
233700,21706027
233720,27946996
233740,12870365
233840,638526
233860,18630174
233980,18779789
234000,5963
234060,7754
234080,1160520
234100,119443
234160,2554402
234190,2925146
234290,310863
234310,262613
234350,266108
234370,145327
234390,288457
234490,466124
234530,20665
234630,515476
234650,22285534
234670,16996
234710,50825548
234740,30405
234900,2400006
234940,81127
234980,1068219
235070,98533
235250,1687968
235360,12187850
235600,7772346
235660,2372595
235700,859387
235720,46353
235780,76349
235800,15717
235820,686541
235980,1317
236090,24310432
236130,536249
236150,32608
236290,99839
236370,582202
236390,1396632
236450,22857
236490,103016
236510,61120
236530,11012
236730,1473003
236790,1029345
236830,2009631
236850,18006331
236970,141567
237110,26497719
237310,785353
237370,16120
237430,4858614
237530,13
237550,271150
237570,2726394
237590,79121
237630,1062283
237740,97691
237890,150292
238010,1943
238050,234596
238070,28188
238110,63432
238130,17698
238170,51921
238210,8622998
238240,1113557
238280,136965
238320,1851086
238430,2118
238530,1172588
238630,318197
238710,82661
238750,487918
238870,594523
238890,1285110
238910,12460
238930,1880894
239030,4201475
239070,1753695
239200,1246090
239350,5213329
239410,236965
239430,0
239450,178257
239660,473161
239700,126828
239800,1260878
239820,4227910
240160,70740
240180,23385
240200,21269
240220,317442
240340,2443
240600,1492166
241240,25311
241320,214458
241410,1588467
241540,848358
241600,54113205
241620,328645
241720,1210358
241790,1274
241910,6137
242110,127263
242320,82
242460,1077
242480,0
242530,13055
242550,1161065
242570,708223
242590,42504
242630,0
242680,2923
242700,0
242780,21974
242800,6315
242820,2592
242860,30583
242880,261520
242940,46
242960,3052
242980,391
243000,454
243040,658
243060,180
243120,31523
243140,73
243180,0
243200,122787
243360,1278020
243380,138188
243450,23946
243780,75130
243800,3455
243950,2320470
244030,514783
244050,29984
244070,95545
244690,9
244710,80185
244730,367352
244810,13619
244850,7052
244870,214115
244930,6320
245010,19
245130,20464
245170,1572725
245350,58671
245390,237
245410,13625
245430,8308
245450,44084
245470,12403
245730,9060
246090,5509
246300,26755
246360,3000
246580,1118
246600,25399
246740,23009
246760,15973
246960,5317
246980,5595
247000,2397
247020,10597
247120,1936
247140,5308
247240,112981
247310,92
247350,7314
247580,31
247730,4129
247830,14
247910,1490
248190,0
248350,9656
248410,25198
248450,2535
248470,6474
248490,5299
248510,18660
248550,637
248610,58550
248710,1484
248800,5311
249130,1273
249330,27072
249360,104964
249630,29371
249680,2398
249870,127203
249930,156
249990,29995
250030,170
250110,8330
250200,0
250320,26537
250380,13100
250400,18251
250460,2476
250500,1471
250520,15254
250580,55075
250660,3685
250720,521
251170,26283
251310,445
251370,3194
251410,788
251430,9649
251710,674
251770,0
251790,0
252210,13
252310,49
252330,573
252630,242
252910,147
253650,1826
253900,2263
253920,1755
253940,7848
253960,1841
253980,5453
254000,551
254020,68
254040,99
254060,1468
254080,2588
254100,320
254440,530
254960,8059
254980,6877
255480,263504
255520,1062
255920,423
255940,1
256070,34
256330,6092
257220,349
258200,3036
260270,517
